"address";"website";"email";"phone";"place_id"
"Hoi An 560000, VietnamHoi An 560000, VietnamHoi An 560000, Vietnam";"";"";"";1
"Tra Que Organic Herbs Village, Hoi An 560000, VietnamTra Que Organic Herbs Village, Hoi An 560000, VietnamTra Que Organic Herbs Village, Hoi An 560000, Vietnam";"";"";"+84 90 501 80 09+84 90 501 80 09CallCall";2
"Hai Ba Trung Street, Tra Que Village, Cam Ha Ward, Hoi An 560000, VietnamHai Ba Trung Street, Tra Que Village, Cam Ha Ward, Hoi An 560000, VietnamHai Ba Trung Street, Tra Que Village, Cam Ha Ward, Hoi An 560000, Vietnam";"";"";"+84 90 539 33 49+84 90 539 33 49CallCall";3
"Cam Ha Commune, Hoi An 560000, VietnamCam Ha Commune, Hoi An 560000, VietnamCam Ha Commune, Hoi An 560000, Vietnam";"";"";"";4
"46 Tran Phu St, Hoi An, Vietnam46 Tran Phu St, Hoi An, Vietnam46 Tran Phu St, Hoi An, Vietnam";"";"";"0908925681609089256816CallCall";5
"176 Tran Phu | Minh An, Hoi An 560000, Vietnam176 Tran Phu | Minh An, Hoi An 560000, Vietnam176 Tran Phu | Minh An, Hoi An 560000, Vietnam";"";"";"";6
"9 D Nguyen Thai Hoc, Hoi An, Vietnam9 D Nguyen Thai Hoc, Hoi An, Vietnam9 D Nguyen Thai Hoc, Hoi An, Vietnam";"";"";"";7
"45 Phan Chau Trinh Street | in the garden of Mr. Ba Lo Le, off Kiet Gieng Lane, Hoi An, Vietnam45 Phan Chau Trinh Street | in the garden of Mr. Ba Lo Le, off Kiet Gieng Lane, Hoi An, Vietnam45 Phan Chau Trinh Street | in the garden of Mr. Ba Lo Le, off Kiet Gieng Lane, Hoi An, Vietnam";"";"";"+84 90 843 31 21+84 90 843 31 21CallCall";8
"168 Tran Phu St., Hoi An, Vietnam168 Tran Phu St., Hoi An, Vietnam168 Tran Phu St., Hoi An, Vietnam";"";"";"+84 128 894 2399+84 128 894 2399CallCall";9
"Cam Kim commune, Hoi An, VietnamCam Kim commune, Hoi An, VietnamCam Kim commune, Hoi An, Vietnam";"";"";"";10
"Hoi An, VietnamHoi An, VietnamHoi An, Vietnam";"";"";"+84 128 894 2399+84 128 894 2399CallCall";11
"101 Nguyen Thai Hoc Street, Hoi An 100000, Vietnam101 Nguyen Thai Hoc Street, Hoi An 100000, Vietnam101 Nguyen Thai Hoc Street, Hoi An 100000, Vietnam";"";"";"+84 97 499 89 68+84 97 499 89 68CallCall";12
"Tran Phu Street | At the West end of Tran Phu St., Hoi An 560000, VietnamTran Phu Street | At the West end of Tran Phu St., Hoi An 560000, VietnamTran Phu Street | At the West end of Tran Phu St., Hoi An 560000, Vietnam";"";"";"";13
"4 Nguyen Thi Minh Khai St., Hoi An, Vietnam4 Nguyen Thi Minh Khai St., Hoi An, Vietnam4 Nguyen Thi Minh Khai St., Hoi An, Vietnam";"";"";"";14
"3 km West of Hoi An, Hoi An, Vietnam3 km West of Hoi An, Hoi An, Vietnam3 km West of Hoi An, Hoi An, Vietnam";"";"";"+84 510 3963 888+84 510 3963 888CallCall";15
"Ly Thurong Kiet Street | At Junction With Nguyen Thurong to Street, Hoi An, VietnamLy Thurong Kiet Street | At Junction With Nguyen Thurong to Street, Hoi An, VietnamLy Thurong Kiet Street | At Junction With Nguyen Thurong to Street, Hoi An, Vietnam";"";"";"+84 510 3927 206+84 510 3927 206CallCall";16
"129 Tran Phu Street, Hoi An 51000, Vietnam129 Tran Phu Street, Hoi An 51000, Vietnam129 Tran Phu Street, Hoi An 51000, Vietnam";"";"";"+84 510 3862 098+84 510 3862 098CallCall";17
"42 Phan Boi Chau | Quang Nam, Hoi An, Vietnam42 Phan Boi Chau | Quang Nam, Hoi An, Vietnam42 Phan Boi Chau | Quang Nam, Hoi An, Vietnam";"";"";"+84 122 377 9074+84 122 377 9074CallCall";18
"Hai Ba Trung, 07, Hoi An, VietnamHai Ba Trung, 07, Hoi An, VietnamHai Ba Trung, 07, Hoi An, Vietnam";"";"";"+84 128 894 2399+84 128 894 2399CallCall";19
"Victoria Hoi An Beach Resort & Spa | Cua Dai Beach, Hoi An Town, Hoi An, VietnamVictoria Hoi An Beach Resort & Spa | Cua Dai Beach, Hoi An Town, Hoi An, VietnamVictoria Hoi An Beach Resort & Spa | Cua Dai Beach, Hoi An Town, Hoi An, Vietnam";"";"";"+84 235 3927 040+84 235 3927 040CallCall";20
"104 Thai Phien, Hoi An 560000, Vietnam104 Thai Phien, Hoi An 560000, Vietnam104 Thai Phien, Hoi An 560000, Vietnam";"";"";"+84 91 546 95 54+84 91 546 95 54CallCall";21
"77 Tran Phu Street, Hoi An 560000, Vietnam77 Tran Phu Street, Hoi An 560000, Vietnam77 Tran Phu Street, Hoi An 560000, Vietnam";"";"";"";22
"Area 7, Tan An Ward, Hoi An, VietnamArea 7, Tan An Ward, Hoi An, VietnamArea 7, Tan An Ward, Hoi An, Vietnam";"";"";"";23
"64 Tran Phu, Hoi An, Vietnam64 Tran Phu, Hoi An, Vietnam64 Tran Phu, Hoi An, Vietnam";"";"";"";24
"06 Tran Hung Dao Street | Down The Alley Near Ba Le Well, Hoi An, Vietnam06 Tran Hung Dao Street | Down The Alley Near Ba Le Well, Hoi An, Vietnam06 Tran Hung Dao Street | Down The Alley Near Ba Le Well, Hoi An, Vietnam";"";"";"+84 510 3863333+84 510 3863333CallCall";25
"53 Ngo Quyen | Minh An, Hoi An 560000, Vietnam53 Ngo Quyen | Minh An, Hoi An 560000, Vietnam53 Ngo Quyen | Minh An, Hoi An 560000, Vietnam";"";"";"+84 90 562 43 19+84 90 562 43 19CallCall";26
" | Bau Oc Thuong Hamlet, Cam Ha Commune, Hoi An 560000, Vietnam | Bau Oc Thuong Hamlet, Cam Ha Commune, Hoi An 560000, Vietnam | Bau Oc Thuong Hamlet, Cam Ha Commune, Hoi An 560000, Vietnam";"";"";"+84 93 383 43 03+84 93 383 43 03CallCall";27
"Phan Chau Trinh, Hoi An, VietnamPhan Chau Trinh, Hoi An, VietnamPhan Chau Trinh, Hoi An, Vietnam";"";"";"+84 128 894 2399+84 128 894 2399CallCall";28
"Km 950, National Highway 1A | Dien Minh, Dien Ban, Hoi An 560000, VietnamKm 950, National Highway 1A | Dien Minh, Dien Ban, Hoi An 560000, VietnamKm 950, National Highway 1A | Dien Minh, Dien Ban, Hoi An 560000, Vietnam";"";"";"+84 90 385 87 77+84 90 385 87 77CallCall";29
" | Bridge Over Thu Bon River, Hoi An, Vietnam | Bridge Over Thu Bon River, Hoi An, Vietnam | Bridge Over Thu Bon River, Hoi An, Vietnam";"";"";"";30
"Tran Phu, Hoi An, VietnamTran Phu, Hoi An, VietnamTran Phu, Hoi An, Vietnam";"";"";"";31
" | Cua Dai ward, Hoi An, Vietnam | Cua Dai ward, Hoi An, Vietnam | Cua Dai ward, Hoi An, Vietnam";"";"";"+84 235 3864 395+84 235 3864 395CallCall";34
"Tran Phu, Cam Chau, Hoi An 560000, VietnamTran Phu, Cam Chau, Hoi An 560000, VietnamTran Phu, Cam Chau, Hoi An 560000, Vietnam";"";"";"";35
"Hoi An, VietnamHoi An, VietnamHoi An, Vietnam";"";"";"";39
"64 Tran Phu, Hoi An, Vietnam64 Tran Phu, Hoi An, Vietnam64 Tran Phu, Hoi An, Vietnam";"";"";"+84 235 3861 935+84 235 3861 935CallCall";40
"Cam Chau, Hoi An 560000, VietnamCam Chau, Hoi An 560000, VietnamCam Chau, Hoi An 560000, Vietnam";"";"";"";41
"Hoi An 560000, VietnamHoi An 560000, VietnamHoi An 560000, Vietnam";"";"";"";42
"8 Nguyen Thi Minh Khai, tp., Hoi An, Vietnam8 Nguyen Thi Minh Khai, tp., Hoi An, Vietnam8 Nguyen Thi Minh Khai, tp., Hoi An, Vietnam";"";"";"+84 93 523 09 39+84 93 523 09 39CallCall";43
"79 Tran Phu | Minh An, Hoi An 560000, Vietnam79 Tran Phu | Minh An, Hoi An 560000, Vietnam79 Tran Phu | Minh An, Hoi An 560000, Vietnam";"";"";"";44
"Hoi An 560000, VietnamHoi An 560000, VietnamHoi An 560000, Vietnam";"";"";"";45
"Le Hong Phong | Cam Ha, Hoi An 560000, VietnamLe Hong Phong | Cam Ha, Hoi An 560000, VietnamLe Hong Phong | Cam Ha, Hoi An 560000, Vietnam";"";"";"";46
"Nguyen Thai Hoc, Hoi An, VietnamNguyen Thai Hoc, Hoi An, VietnamNguyen Thai Hoc, Hoi An, Vietnam";"";"";"";47
"673 Hai Ba Trung | Minh An, Hoi An 560000, Vietnam673 Hai Ba Trung | Minh An, Hoi An 560000, Vietnam673 Hai Ba Trung | Minh An, Hoi An 560000, Vietnam";"";"";"";48
"21 Le Loi, Hoi An, Vietnam21 Le Loi, Hoi An, Vietnam21 Le Loi, Hoi An, Vietnam";"";"";"";49
"52 Mac Dinh Chi, Hoi An 560000, Vietnam52 Mac Dinh Chi, Hoi An 560000, Vietnam52 Mac Dinh Chi, Hoi An 560000, Vietnam";"";"";"+84 90 570 67 90+84 90 570 67 90CallCall";50
"03 Phan Dinh Phung, Hoi An 560000, Vietnam03 Phan Dinh Phung, Hoi An 560000, Vietnam03 Phan Dinh Phung, Hoi An 560000, Vietnam";"";"";"+84 93 566 40 22+84 93 566 40 22CallCall";51
"86 Tran Hung Dao, Hoi An 550000, Vietnam86 Tran Hung Dao, Hoi An 550000, Vietnam86 Tran Hung Dao, Hoi An 550000, Vietnam";"";"";"+84 235 3529 529+84 235 3529 529CallCall";52
"99 Ly Thuong Kiet Street | Son Phong Ward, Hoi An 560000, Vietnam99 Ly Thuong Kiet Street | Son Phong Ward, Hoi An 560000, Vietnam99 Ly Thuong Kiet Street | Son Phong Ward, Hoi An 560000, Vietnam";"";"";"+84 235 3959 111+84 235 3959 111CallCall";53
"107 Tran Nhan Tong | Follow the sign, Hoi An 560000, Vietnam107 Tran Nhan Tong | Follow the sign, Hoi An 560000, Vietnam107 Tran Nhan Tong | Follow the sign, Hoi An 560000, Vietnam";"";"";"+84 90 353 58 65+84 90 353 58 65CallCall";54
"494 Cua Dai Street | Next to Phu Thinh Boutique Resort & Spa, Hoi An 560000, Vietnam494 Cua Dai Street | Next to Phu Thinh Boutique Resort & Spa, Hoi An 560000, Vietnam494 Cua Dai Street | Next to Phu Thinh Boutique Resort & Spa, Hoi An 560000, Vietnam";"";"";"+84 91 219 62 32+84 91 219 62 32CallCall";55
"69 Nguyen Phuc Tan Street, Hoi An 560000, Vietnam69 Nguyen Phuc Tan Street, Hoi An 560000, Vietnam69 Nguyen Phuc Tan Street, Hoi An 560000, Vietnam";"";"";"+84 235 3910 172+84 235 3910 172CallCall";56
"529 Hai Ba Trung, Hoi An 560000, Vietnam529 Hai Ba Trung, Hoi An 560000, Vietnam529 Hai Ba Trung, Hoi An 560000, Vietnam";"";"";"+84 235 3929 279+84 235 3929 279CallCall";57
"2/16 Le Loi | Minh An, Hoi An 560000, Vietnam2/16 Le Loi | Minh An, Hoi An 560000, Vietnam2/16 Le Loi | Minh An, Hoi An 560000, Vietnam";"";"";"+84 90 306 08 74+84 90 306 08 74CallCall";58
"35 Le Thanh Tong, Hoi An 560000, Vietnam35 Le Thanh Tong, Hoi An 560000, Vietnam35 Le Thanh Tong, Hoi An 560000, Vietnam";"";"";"+84 90 594 94 56+84 90 594 94 56CallCall";59
"127 Tran Hung Dao | Cam Pho, Minh An, Hoi An 560000, Vietnam127 Tran Hung Dao | Cam Pho, Minh An, Hoi An 560000, Vietnam127 Tran Hung Dao | Cam Pho, Minh An, Hoi An 560000, Vietnam";"";"";"+84 97 703 23 85+84 97 703 23 85CallCall";60
"3A Phan Dinh Phung | Located Opposite Diagonal of Sunshine Hoi An Hotel 02 Phan Dinh Phung, Hoi An 560000, Vietnam3A Phan Dinh Phung | Located Opposite Diagonal of Sunshine Hoi An Hotel 02 Phan Dinh Phung, Hoi An 560000, Vietnam3A Phan Dinh Phung | Located Opposite Diagonal of Sunshine Hoi An Hotel 02 Phan Dinh Phung, Hoi An 560000, Vietnam";"";"";"+84 93 555 27 33+84 93 555 27 33CallCall";61
"No1 Le Dinh Tham Street, Hoi An, VietnamNo1 Le Dinh Tham Street, Hoi An, VietnamNo1 Le Dinh Tham Street, Hoi An, Vietnam";"";"";"+84 510 3666 188+84 510 3666 188CallCall";62
"07 Truong Minh Luong, Hoi An 560000, Vietnam07 Truong Minh Luong, Hoi An 560000, Vietnam07 Truong Minh Luong, Hoi An 560000, Vietnam";"";"";"+84 93 240 03 34+84 93 240 03 34CallCall";63
"65 Ly Thuong Kiet, Hoi An 560000, Vietnam65 Ly Thuong Kiet, Hoi An 560000, Vietnam65 Ly Thuong Kiet, Hoi An 560000, Vietnam";"";"";"+84 90 526 66 67+84 90 526 66 67CallCall";64
"In Aira Boutique Hoi An hotel compound, An Bang Beach, Group 3, An Tan, Cam An, Hoi An 560000, VietnamIn Aira Boutique Hoi An hotel compound, An Bang Beach, Group 3, An Tan, Cam An, Hoi An 560000, VietnamIn Aira Boutique Hoi An hotel compound, An Bang Beach, Group 3, An Tan, Cam An, Hoi An 560000, Vietnam";"";"";"+84 235 3926 969+84 235 3926 969CallCall";65
"161 Nguyen Phan Vinh, Hoi An 560000, Vietnam161 Nguyen Phan Vinh, Hoi An 560000, Vietnam161 Nguyen Phan Vinh, Hoi An 560000, Vietnam";"";"";"+84 90 511 80 77+84 90 511 80 77CallCall";66
"15/2 Nguyen Hoang, Hoi An 560000, Vietnam15/2 Nguyen Hoang, Hoi An 560000, Vietnam15/2 Nguyen Hoang, Hoi An 560000, Vietnam";"";"";"+84 90 583 66 84+84 90 583 66 84CallCall";67
"67 Phan Boi Chau, Hoi An 560000, Vietnam67 Phan Boi Chau, Hoi An 560000, Vietnam67 Phan Boi Chau, Hoi An 560000, Vietnam";"";"";"+84 90 567 99 04+84 90 567 99 04CallCall";68
"28 Nguyen Tat Thanh, Hoi An 560000, Vietnam28 Nguyen Tat Thanh, Hoi An 560000, Vietnam28 Nguyen Tat Thanh, Hoi An 560000, Vietnam";"";"";"+84 93 240 22 39+84 93 240 22 39CallCall";69
"35 Cao Hong Lanh Street, Hoi An, Vietnam35 Cao Hong Lanh Street, Hoi An, Vietnam35 Cao Hong Lanh Street, Hoi An, Vietnam";"";"";"+84 235 3962 965+84 235 3962 965CallCall";70
"37 Nguyen Phuc Tan Street, Minh An Ward, Hoi An, Vietnam37 Nguyen Phuc Tan Street, Minh An Ward, Hoi An, Vietnam37 Nguyen Phuc Tan Street, Minh An Ward, Hoi An, Vietnam";"";"";"+84 90 648 88 20+84 90 648 88 20CallCall";71
"22 Nguyen Du, Hoi An 560000, Vietnam22 Nguyen Du, Hoi An 560000, Vietnam22 Nguyen Du, Hoi An 560000, Vietnam";"";"";"+84 122 718 4604+84 122 718 4604CallCall";72
"111B Le Thanh Tong Street, Hoi An, Vietnam111B Le Thanh Tong Street, Hoi An, Vietnam111B Le Thanh Tong Street, Hoi An, Vietnam";"";"";"+84 8 5660 9021+84 8 5660 9021CallCall";73
"15 Mac Dinh Chi | Near Green Apple Hotel, Tan An Ward, Hoi An 560000, Vietnam15 Mac Dinh Chi | Near Green Apple Hotel, Tan An Ward, Hoi An 560000, Vietnam15 Mac Dinh Chi | Near Green Apple Hotel, Tan An Ward, Hoi An 560000, Vietnam";"";"";"+84 97 716 15 67+84 97 716 15 67CallCall";74
"417B Cua Dai Street | Cam Chau Ward, Hoi An, Vietnam417B Cua Dai Street | Cam Chau Ward, Hoi An, Vietnam417B Cua Dai Street | Cam Chau Ward, Hoi An, Vietnam";"";"";"+84 235 6526 268+84 235 6526 268CallCall";75
"18 Cao Ba Quat, Hoi An 560000, Vietnam18 Cao Ba Quat, Hoi An 560000, Vietnam18 Cao Ba Quat, Hoi An 560000, Vietnam";"";"";"+84 91 340 57 67+84 91 340 57 67CallCall";76
"89 Hung Vuong st, Hoi An 560000, Vietnam89 Hung Vuong st, Hoi An 560000, Vietnam89 Hung Vuong st, Hoi An 560000, Vietnam";"";"";"+84 93 550 80 88+84 93 550 80 88CallCall";77
